INSERT INTO projects (id, title, category, funding_goal, start_date, end_date) VALUES (1, "Project 1", "Category 1", 100, "9/29/19", "9/30/19");
INSERT INTO projects (id, title, category, funding_goal, start_date, end_date) VALUES (2, "Project 2", "Category 2", 200, "10/1/19", "10/5/19");
INSERT INTO projects (id, title, category, funding_goal, start_date, end_date) VALUES (3, "Project 3", "Category 3", 300, "10/1/19", "10/10/19");
INSERT INTO projects (id, title, category, funding_goal, start_date, end_date) VALUES (4, "Project 4", "Category 4", 400, "9/30/19", "10/6/19");
INSERT INTO projects (id, title, category, funding_goal, start_date, end_date) VALUES (5, "Project 5", "Category 5", 500, "9/30/19", "10/1/19");
INSERT INTO projects (id, title, category, funding_goal, start_date, end_date) VALUES (6, "Project 6", "Category 6", 600, "10/1/19", "10/6/19");
INSERT INTO projects (id, title, category, funding_goal, start_date, end_date) VALUES (7, "Project 7", "Category 7", 700, "9/29/19", "9/30/19");
INSERT INTO projects (id, title, category, funding_goal, start_date, end_date) VALUES (8, "Project 8", "Category 8", 800, "10/1/19", "10/4/19");
INSERT INTO projects (id, title, category, funding_goal, start_date, end_date) VALUES (9, "Project 9", "Category 9", 900, "9/30/19", "10/3/19");
INSERT INTO projects (id, title, category, funding_goal, start_date, end_date) VALUES (10, "Project 10", "Category 10", 1000, "10/1/19", "10/8/19");

INSERT INTO users (id, name, age) VALUES (1, "Andrew", 30);
INSERT INTO users (id, name, age) VALUES (2, "Jessica", 29);
INSERT INTO users (id, name, age) VALUES (3, "Sean", 31);
INSERT INTO users (id, name, age) VALUES (4, "Danielle", 29);
INSERT INTO users (id, name, age) VALUES (5, "Joe", 31);
INSERT INTO users (id, name, age) VALUES (6, "Jen", 31);
INSERT INTO users (id, name, age) VALUES (7, "Brian", 31);
INSERT INTO users (id, name, age) VALUES (8, "Mike", 50);
INSERT INTO users (id, name, age) VALUES (9, "Jon", 38);
INSERT INTO users (id, name, age) VALUES (10, "Ari", 35);
INSERT INTO users (id, name, age) VALUES (11, "Erin", 36);
INSERT INTO users (id, name, age) VALUES (12, "Miguel", 24);
INSERT INTO users (id, name, age) VALUES (13, "Tim", 59);
INSERT INTO users (id, name, age) VALUES (14, "Sue", 61);
INSERT INTO users (id, name, age) VALUES (15, "Mookie", 26);
INSERT INTO users (id, name, age) VALUES (16, "Javier", 32);
INSERT INTO users (id, name, age) VALUES (17, "Edgar", 27);
INSERT INTO users (id, name, age) VALUES (18, "Ed", 50);
INSERT INTO users (id, name, age) VALUES (19, "Carly", 25);
INSERT INTO users (id, name, age) VALUES (20, "Jorge", 18);

INSERT INTO pledges (id, amount, user_id, project_id) VALUES (1, 150, 1, 1);
INSERT INTO pledges (id, amount, user_id, project_id) VALUES (2, 100, 1, 2);
INSERT INTO pledges (id, amount, user_id, project_id) VALUES (3, 120, 1, 3);
INSERT INTO pledges (id, amount, user_id, project_id) VALUES (4, 110, 2, 4);
INSERT INTO pledges (id, amount, user_id, project_id) VALUES (5, 100, 2, 5);
INSERT INTO pledges (id, amount, user_id, project_id) VALUES (6, 100, 3, 1);
INSERT INTO pledges (id, amount, user_id, project_id) VALUES (7, 50, 4, 1);
INSERT INTO pledges (id, amount, user_id, project_id) VALUES (8, 70, 4, 2);
INSERT INTO pledges (id, amount, user_id, project_id) VALUES (9, 100, 5, 3);
INSERT INTO pledges (id, amount, user_id, project_id) VALUES (10, 150, 5, 4);
INSERT INTO pledges (id, amount, user_id, project_id) VALUES (11, 100, 6, 8);
INSERT INTO pledges (id, amount, user_id, project_id) VALUES (12, 110, 7, 9);
INSERT INTO pledges (id, amount, user_id, project_id) VALUES (13, 90, 8, 2);
INSERT INTO pledges (id, amount, user_id, project_id) VALUES (14, 90, 8, 3);
INSERT INTO pledges (id, amount, user_id, project_id) VALUES (15, 100, 9, 1);
INSERT INTO pledges (id, amount, user_id, project_id) VALUES (16, 120, 10, 3);
INSERT INTO pledges (id, amount, user_id, project_id) VALUES (17, 130, 11, 4);
INSERT INTO pledges (id, amount, user_id, project_id) VALUES (18, 140, 11, 5);
INSERT INTO pledges (id, amount, user_id, project_id) VALUES (19, 80, 12, 6);
INSERT INTO pledges (id, amount, user_id, project_id) VALUES (20, 80, 13, 7);
INSERT INTO pledges (id, amount, user_id, project_id) VALUES (21, 60, 13, 1);
INSERT INTO pledges (id, amount, user_id, project_id) VALUES (22, 50, 14, 2);
INSERT INTO pledges (id, amount, user_id, project_id) VALUES (23, 70, 15, 9);
INSERT INTO pledges (id, amount, user_id, project_id) VALUES (24, 150, 16, 10);
INSERT INTO pledges (id, amount, user_id, project_id) VALUES (25, 100, 17, 9);
INSERT INTO pledges (id, amount, user_id, project_id) VALUES (26, 160, 18, 1);
INSERT INTO pledges (id, amount, user_id, project_id) VALUES (27, 90, 19, 3);
INSERT INTO pledges (id, amount, user_id, project_id) VALUES (28, 100, 20, 4);
INSERT INTO pledges (id, amount, user_id, project_id) VALUES (29, 100, 20, 5);
INSERT INTO pledges (id, amount, user_id, project_id) VALUES (30, 100, 20, 6);
