-- INSERT INTO projects (title, category, funding_goal, start_date, end_date) VALUES
-- ("Project 1", "Cat 1", 1000, "01/01/20", "01/01/21"),
-- ("Project 2", "Cat 3", 5000, "01/01/20", "01/01/23"),
-- ("Project 3", "Cat 2", 10000, "01/01/20", "01/01/21"),
-- ("Project 4", "Cat 1", 100000, "01/01/20", "01/01/21"),
-- ("Project 5", "Cat 3", 8000, "01/01/20", "01/01/22"),
-- ("Project 6", "Cat 1", 1000, "01/01/20", "01/01/21"),
-- ("Project 7", "Cat 3", 5000, "01/01/20", "01/01/23"),
-- ("Project 8", "Cat 2", 10000, "01/01/20", "01/01/21"),
-- ("Project 9", "Cat 1", 100000, "01/01/20", "01/01/21"),
-- ("Project 10", "Cat 3", 8000, "01/01/20", "01/01/22");

-- INSERT INTO users (name, age) VALUES
-- ("Shawn", 37),
-- ("Sara", 35),
-- ("Tucker", 7),
-- ("Trooper", 14),
-- ("Chuck", 2),
-- ("Marie", 28),
-- ("K", 66),
-- ("Deb", 65),
-- ("Tracey", 41),
-- ("Clinton", 55),
-- ("Stavie", 4),
-- ("Matt", 32),
-- ("Meg", 31),
-- ("Teagan", 2),
-- ("Sarah", 37),
-- ("Josh", 38),
-- ("Lara", 38),
-- ("Issac", 8),
-- ("Silas", 5),
-- ("Henry", 3);

-- INSERT INTO pledges (amount, user_id, project_id) VALUES
-- (404,13, 10),
-- (1059, 8, 5),
-- (1504, 12, 9),
-- (1520, 11, 4),
-- (2523, 20, 7),
-- (3496, 4, 1),
-- (3795, 15, 8),
-- (4209, 1, 6),
-- (4259, 6, 2),
-- (4853, 10, 3),
-- (1226, 2, 10),
-- (1401, 16, 5),
-- (1424, 17, 9),
-- (1637, 7, 4),
-- (2511, 18, 7),
-- (2560, 9, 1),
-- (2869, 14, 8),
-- (3124, 5, 6),
-- (3354, 19, 2),
-- (4085, 3, 3),
-- (493, 5, 10),
-- (749, 10, 5),
-- (971, 7, 9),
-- (1397, 1, 4),
-- (1472, 13, 7),
-- (1477, 17, 1),
-- (1721, 4, 8),
-- (4016, 14, 6),
-- (4527, 18, 2),
-- (4908, 11, 3);

INSERT INTO users (id, name, age) VALUES (1, 'Finnebar', 17), (2, 'Bear', 6), (3, 'Iguana', 4), (4, 'Alex', 33),
(5, 'Amanda', 24), (6, 'Sophie', 24), (7, 'Rosey', 9), (8, 'Victoria', 23), (9, 'Franz', 100), (10, 'Hermione', 30),
(11, 'Voldemort', 90), (12, 'Marisa', 24), (13, 'Swizzle', 4), (14, 'Sirius', 36), (15, 'Albus', 113), (16, 'Squid', 5),
(17, 'Whale', 6), (18, 'Pacha', 5), (19, 'Ena', 24), (20, 'Katie', 24);

INSERT INTO projects (id, title, category, funding_goal, start_date, end_date) VALUES
(1, 'Help me buy a guitar', 'music', 500.00, '2013-06-30', '2013-07-30'),
(2, 'My book on SQL', 'books', 20.00, '2013-01-01', '2014-01-01'),
(3, 'The next Harry Potter', 'books', 1000.00, '2013-05-30', '2015-05-30'),
(4, 'Animal shelter needs dog food', 'charity', 400.00, '2013-03-14', '2013-06-30'),
(5, 'Voldement needs a body', 'charity', 6000.00, '2013-03-20', '2013-09-20'),
(6, 'The next Inna-Gadda-Davida', 'music', 200.00, '2014-12-30', '2015-12-30'),
(7, 'Iguana needs tail operation', 'charity', 2000.00, '2013-10-02', '2013-10-30'),
(8, 'I have bed bugs!', 'charity', 800.00, '2014-06-30', '2014-06-31'),
(9, 'I want to teach English in China', 'charity', 3000.00, '2013-06-30', '2013-09-30'),
(10, 'Help save birds of paradise', 'charity', 5000.00, '2012-03-20', '2013-06-30');

INSERT INTO pledges (id, amount, user_id, project_id) VALUES
(1, 10.00, 1, 2),
(2, 20.00, 1, 3),
(3, 40.00, 1, 4),
(4, 50.00, 2, 3),
(5, 10.00, 3, 2),
(6, 20.00, 4, 4),
(7, 40.00, 5, 10),
(8, 60.00, 6, 10),
(9, 50.00, 7, 9),
(10, 700.00, 8, 8),
(11, 1000.00, 8, 7),
(12, 40.00, 9, 6),
(13, 50.00, 9, 3),
(14, 50.00, 10, 4),
(15, 24.00, 12, 1),
(16, 34.00, 11, 1),
(17, 12.00, 13, 6),
(18, 19.00, 14, 5),
(19, 20.00, 15, 5),
(20, 40.00, 16, 6),
(21, 35.50, 17, 7),
(22, 40.00, 18, 8),
(23, 60.00, 19, 9),
(24, 70.00, 20, 10),
(25, 100.00, 20, 4),
(26, 40.00, 19, 1),
(27, 20.00, 18, 6),
(28, 90.00, 17, 9),
(29, 230.00, 16, 6),
(30, 450.00, 15, 5);