INSERT INTO users (id, name, age) VALUES (1, 'Naisha', 28), (2, 'Ashley', 18), (3, 'Jelissa', 26), (4, 'Nicole', 27),
(5, 'Matt', 24), (6, 'Adrien', 25), (7, 'Jasmine', 9), (8, 'Janelle', 24), (9, 'Gloria', 42), (10, 'Gary', 30),
(11, 'Wesley', 90), (12, 'Arianna', 14), (13, 'Jordyn', 8), (14, 'Nekkia', 56), (15, 'Brianna', 12), (16, 'Dwayne', 82),
(17, 'Junior', 6), (18, 'Steph', 57), (19, 'Kiara', 24), (20, 'Joskary', 28);

INSERT INTO projects (id, title, category, funding_goal, start_date, end_date) VALUES
(1, 'Nursing school', 'education', 1500.00, '2018-06-01', '2019-08-31'),
(2, 'Investing 101', 'finance', 35.00, '2020-03-17', '2021-03-17'),
(3, 'Dental Hygiene', 'education', 10000.00, '2016-08-01', '2016-12-31'),
(4, 'New Dirt Bike', 'sports', 350.00, '2020-03-14', '2020-06-30'),
(5, 'Ski Adventure', 'sports', 6000.00, '2021-03-20', '2021-09-20'),
(6, 'Lash Equipment', 'beauty', 150.00, '2020-12-30', '2021-12-30'),
(7, 'Solo Trip', 'travel', 8000.00, '2021-04-04', '2021-06-04'),
(8, 'Law School', 'education', 900.00, '2021-01-30', '2021-09-30'),
(9, 'Higher Ed Conference', 'education', 3000.00, '2021-06-30', '2021-09-30'),
(10, 'Get Kids iPads', 'charity', 2000.00, '2021-03-20', '2021-08-30');

INSERT INTO pledges (id, amount, user_id, project_id) VALUES
(1, 10.00, 1, 2),
(2, 20.00, 1, 3),
(3, 40.00, 1, 4),
(4, 50.00, 2, 3),
(5, 10.00, 3, 2),
(6, 20.00, 4, 4),
(7, 40.00, 5, 10),
(8, 60.00, 6, 10),
(9, 50.00, 7, 9),
(10, 700.00, 8, 8),
(11, 1000.00, 8, 7),
(12, 40.00, 9, 6),
(13, 50.00, 9, 3),
(14, 50.00, 10, 4),
(15, 24.00, 12, 1),
(16, 34.00, 11, 1),
(17, 12.00, 13, 6),
(18, 19.00, 14, 5),
(19, 20.00, 15, 5),
(20, 40.00, 16, 6),
(21, 35.50, 17, 7),
(22, 40.00, 18, 8),
(23, 60.00, 19, 9),
(24, 70.00, 20, 10),
(25, 100.00, 20, 4),
(26, 40.00, 19, 1),
(27, 20.00, 18, 6),
(28, 90.00, 17, 9),
(29, 230.00, 16, 6),
(30, 450.00, 15, 5);
