INSERT INTO users (id, name, age) VALUES (1, 'Chloe', 2), (2, 'Graycie', 2), (3, 'Eli', 7), (4, 'Riley', 15),
(5, 'Chewy', 8), (6, 'Potato', 14), (7, 'Norman', 32), (8, 'Hakan', 35), (9, 'Stephanie', 23), (10, 'Tara', 24),
(11, 'Evan', 29), (12, 'Kathy', 24), (13, 'Alyssa', 27), (14, 'Ivan', 35), (15, 'Michael-Angelo', 4), (16, 'Angelo', 52),
(17, 'Nelson', 52), (18, 'Vincent', 60), (19, 'Yulia', 25), (20, 'Reza', 52);

INSERT INTO projects (id, title, category, funding_goal, start_date, end_date) VALUES
(1, 'Advertise music event', 'music', 1000.00, '2019-02-01', '2019-04-01'),
(2, 'College Fund', 'charity', 50000.00, '2019-06-01', '2019-08-01'),
(3, 'Studio recording Time', 'music', 1000.00, '2018-11-01', '2019-05-01'),
(4, 'New Telescope', 'charity', 500.00, '2019-01-01', '2019-07-01'),
(5, 'Botox Treatment', 'charity', 600.00, '2019-01-15', '2019-10-01'),
(6, 'Travel Around the World Book', 'books', 100000.00, '2019-03-01', '2019-05-01'),
(7, 'Quit Smoking Patches', 'charity', 400.00, '2019-01-01', '2019-09-01'),
(8, 'Build a computer', 'charity', 2000.00, '2019-04-01', '2019-07-01'),
(9, 'Write How to Program book', 'books', 30000.00, '2019-07-01', '2019-08-01'),
(10, 'New Couch Fund', 'charity', 800.00, '2019-01-01', '2019-12-01');

INSERT INTO pledges (id, amount, user_id, project_id) VALUES
(1, 50.00, 1, 2),
(2, 100.00, 1, 3),
(3, 1000.00, 1, 4),
(4, 2000.00, 2, 3),
(5, 5.00, 3, 2),
(6, 150.00, 4, 4),
(7, 200.00, 5, 10),
(8, 1000.00, 6, 10),
(9, 50.00, 7, 9),
(10, 700.00, 8, 8),
(11, 1000.00, 8, 7),
(12, 500.00, 9, 6),
(13, 600.00, 9, 3),
(14, 50.00, 10, 4),
(15, 80.00, 12, 1),
(16, 25.00, 11, 1),
(17, 10000.00, 13, 6),
(18, 20000.00, 14, 5),
(19, 75.00, 15, 5),
(20, 75.00, 16, 6),
(21, 600.00, 17, 7),
(22, 1000.00, 18, 8),
(23, 60.00, 19, 9),
(24, 70.00, 20, 10),
(25, 5000.00, 20, 4),
(26, 9000.00, 19, 1),
(27, 7500.00, 18, 6),
(28, 40.00, 17, 9),
(29, 2500.00, 16, 6),
(30, 250.00, 15, 5);