INSERT INTO projects VALUES
(1, "title_1", "type_1", 1000, "2020-04-28", "2020-09-26"),
(2, "title_2", "type_2", 1000, "2020-04-28", "2020-09-26"),
(3, "title_3", "type_3", 1000, "2020-04-28", "2020-09-26"),
(4, "title_4", "type_4", 1000, "2020-04-28", "2020-09-26"),
(5, "title_5", "type_5", 1000, "2020-04-28", "2020-09-26"),
(6, "title_6", "type_6", 1000, "2020-04-28", "2020-09-26"),
(7, "title_7", "type_7", 1000, "2020-04-28", "2020-09-26"),
(8, "title_8", "type_8", 1000, "2020-04-28", "2020-09-26"),
(9, "title_9", "type_9", 1000, "2020-04-28", "2020-09-26"),
(10, "title_10", "type_10", 1000, "2020-04-28", "2020-09-26");

INSERT INTO users VALUES
(1, "name_1", 40),
(2, "name_2", 40),
(3, "name_3", 40),
(4, "name_4", 40),
(5, "name_5", 40),
(6, "name_6", 40),
(7, "name_7", 40),
(8, "name_8", 40),
(9, "name_9", 40),
(10, "name_10", 40),
(11, "name_11", 40),
(12, "name_12", 40),
(13, "name_13", 40),
(14, "name_14", 40),
(15, "name_15", 40),
(16, "name_16", 40),
(17, "name_17", 40),
(18, "name_18", 40),
(19, "name_19", 40),
(20, "name_20", 40);


INSERT INTO pledges
(id, amount, user_id, project_id)
VALUES
(1, 1000, 1, 1),
(2, 1000, 2, 1),
(3, 1000, 3, 1),
(4, 1000, 4, 2),
(5, 1000, 5, 2),
(6, 1000, 6, 2),
(7, 1000, 7, 3),
(8, 1000, 8, 3),
(9, 1000, 9, 3),
(10, 1000, 10, 4),
(11, 1000, 11, 4),
(12, 1000, 12, 4),
(13, 1000, 13, 5),
(14, 1000, 14, 5),
(15, 1000, 15, 5),
(16, 1000, 16, 6),
(17, 1000, 17, 6),
(18, 1000, 18, 6),
(19, 1000, 19, 7),
(20, 1000, 20, 7),
(21, 1000, 1, 7),
(22, 1000, 2, 8),
(23, 1000, 3, 8),
(24, 1000, 4, 8),
(25, 1000, 5, 9),
(26, 1000, 6, 9),
(27, 1000, 7, 9),
(28, 1000, 8, 10),
(29, 1000, 9, 10),
(30, 1000, 10, 10);
