INSERT INTO users (id, name, age) VALUES (1, 'Abigail', '26');
INSERT INTO users (id, name, age) VALUES (2, 'Tony', '12');
INSERT INTO users (id, name, age) VALUES (3, 'Benny', '57');
INSERT INTO users (id, name, age) VALUES (4, 'Luis', '19');
INSERT INTO users (id, name, age) VALUES (5, 'Rose', '32');
INSERT INTO users (id, name, age) VALUES (6, 'Hilary', '24');
INSERT INTO users (id, name, age) VALUES (7, 'Stewart', '20');
INSERT INTO users (id, name, age) VALUES (8, 'Angela', '46');
INSERT INTO users (id, name, age) VALUES (9, 'Michael', '33');
INSERT INTO users (id, name, age) VALUES (10, 'Clarissa', '18');
INSERT INTO users (id, name, age) VALUES (11, 'Michelle', '25');
INSERT INTO users (id, name, age) VALUES (12, 'Joe', '30');
INSERT INTO users (id, name, age) VALUES (13, 'Lisa', '39');
INSERT INTO users (id, name, age) VALUES (14, 'Paul', '15');
INSERT INTO users (id, name, age) VALUES (15, 'Jennifer', '10');
INSERT INTO users (id, name, age) VALUES (16, 'Alex', '20');
INSERT INTO users (id, name, age) VALUES (17, 'Ben', '37');
INSERT INTO users (id, name, age) VALUES (18, 'Chuck', '44');
INSERT INTO users (id, name, age) VALUES (19, 'Kathy', '62');
INSERT INTO users (id, name, age) VALUES (20, 'Ella', '23');

INSERT INTO projects (id, title, category, funding_goal, start_date, end_date) VALUES (1, 'Short Beach Cleanup', 'environment', 1500.00, '12-01-2020', '01-25-2021');
INSERT INTO projects (id, title, category, funding_goal, start_date, end_date) VALUES (2, 'Surgery for Tim', 'charity', 2000.00, '11-22-2020', '03-22-2021');
INSERT INTO projects (id, title, category, funding_goal, start_date, end_date) VALUES (3, 'Spay cats in Hartford', 'animals', 5000.00, '10-01-2020', '10-01-2021');
INSERT INTO projects (id, title, category, funding_goal, start_date, end_date) VALUES (4, 'Coat drive for homeless', 'charity', 2500.00, '09-01-2020', '03-01-2021');
INSERT INTO projects (id, title, category, funding_goal, start_date, end_date) VALUES (5, 'Flight for Grandma', 'charity', 800.00, '08-16-2020', '01-16-2021');
INSERT INTO projects (id, title, category, funding_goal, start_date, end_date) VALUES (6, 'Farm sanctuary needs hay', 'animals', 1000.00, '01-01-2021', '06-01-2021'); 
INSERT INTO projects (id, title, category, funding_goal, start_date, end_date) VALUES (7, 'New uniforms for kids hockey team', 'charity', 500.00, '10-01-2020', '02-01-2021');
INSERT INTO projects (id, title, category, funding_goal, start_date, end_date) VALUES (8, 'Toy drive for families in need', 'charity', 3000.00, '11-15-2020', '12-23-2021');
INSERT INTO projects (id, title, category, funding_goal, start_date, end_date) VALUES (9, 'Cat food for local shelter', 'animals', 2000.00, '12-28-2020', '12-28-2021');
INSERT INTO projects (id, title, category, funding_goal, start_date, end_date) VALUES (10, 'Books for children', 'education', 1000.00, '01-04-2020', '06-04-2021');


INSERT INTO pledges (id, amount, user_id, project_id) VALUES (1, 25.00, 5, 2);
INSERT INTO pledges (id, amount, user_id, project_id) VALUES (2, 100.00, 8, 9);
INSERT INTO pledges (id, amount, user_id, project_id) VALUES (3, 70.00, 3, 5);
INSERT INTO pledges (id, amount, user_id, project_id) VALUES (4, 20.00, 9, 1); 
INSERT INTO pledges (id, amount, user_id, project_id) VALUES (5, 10.00, 2, 4); 
INSERT INTO pledges (id, amount, user_id, project_id) VALUES (6, 50.00, 1, 7);
INSERT INTO pledges (id, amount, user_id, project_id) VALUES (7, 20.00, 15, 3);
INSERT INTO pledges (id, amount, user_id, project_id) VALUES (8, 15.00, 6, 6);
INSERT INTO pledges (id, amount, user_id, project_id) VALUES (9, 30.00, 20, 6);
INSERT INTO pledges (id, amount, user_id, project_id) VALUES (10. 10.00, 14, 7);
INSERT INTO pledges (id, amount, user_id, project_id) VALUES (11, 15.00, 7, 1);
INSERT INTO pledges (id, amount, user_id, project_id) VALUES  (12, 20.00, 10, 8);
INSERT INTO pledges (id, amount, user_id, project_id) VALUES (13, 20.00, 18, 5);
INSERT INTO pledges (id, amount, user_id, project_id) VALUES  (14, 10.00, 4, 10);
INSERT INTO pledges (id, amount, user_id, project_id) VALUES  (15, 25.00, 8, 2);
INSERT INTO pledges (id, amount, user_id, project_id) VALUES  (16, 30.00, 19, 5);
INSERT INTO pledges (id, amount, user_id, project_id) VALUES  (17, 55.00, 11, 3);
INSERT INTO pledges (id, amount, user_id, project_id) VALUES  (18, 75.00, 16, 2);
INSERT INTO pledges (id, amount, user_id, project_id) VALUES  (19, 100.00, 13, 9);
INSERT INTO pledges (id, amount, user_id, project_id) VALUES  (20, 40.00, 12, 1 ); 
INSERT INTO pledges (id, amount, user_id, project_id) VALUES  (21, 25.00, 17, 7);
INSERT INTO pledges (id, amount, user_id, project_id) VALUES  (22, 100.00, 19, 4);
INSERT INTO pledges (id, amount, user_id, project_id) VALUES  (23, 40.00, 5, 2);
INSERT INTO pledges (id, amount, user_id, project_id) VALUES  (24, 20.00, 6, 8);
INSERT INTO pledges (id, amount, user_id, project_id) VALUES  (25, 100.00, 3, 7);
INSERT INTO pledges (id, amount, user_id, project_id) VALUES  (26, 25.00, 13, 3);
INSERT INTO pledges (id, amount, user_id, project_id) VALUES  (27, 20.00, 8, 10);
INSERT INTO pledges (id, amount, user_id, project_id) VALUES  (28, 35.00, 17, 6);
INSERT INTO pledges (id, amount, user_id, project_id) VALUES  (29, 40.00, 20, 1);
INSERT INTO pledges (id, amount, user_id, project_id) VALUES  (30, 55.00, 12, 10); 