INSERT INTO projects (id, title, category, funding_goal, start_date, end_date) VALUES (1, "Kiss Paws", "Pets", 200, "2/21/2020", "2/21/2020"); 
INSERT INTO projects (id, title, category, funding_goal, start_date, end_date) VALUES (2, "Hug Paws", "Pets", 150, "2/21/2020", "2/21/2020"); 
INSERT INTO projects (id, title, category, funding_goal, start_date, end_date) VALUES (3, "Trip to China", "Travel", 2000, "2/21/2020", "2/21/2020"); 
INSERT INTO projects (id, title, category, funding_goal, start_date, end_date) VALUES (4, "Trip to Japan", "Travel", 1500, "2/21/2020", "2/21/2020"); 
INSERT INTO projects (id, title, category, funding_goal, start_date, end_date) VALUES (5, "Trip to Singapore", "Travel", 3000, "2/21/2020", "2/21/2020"); 
INSERT INTO projects (id, title, category, funding_goal, start_date, end_date) VALUES (6, "Make a new North and South", 30000, "TV", "2/21/2020", "2/21/2020"); 
INSERT INTO projects (id, title, category, funding_goal, start_date, end_date) VALUES (7, "Clone Paws", "Science", 5000000, "2/21/2020", "2/21/2020"); 
INSERT INTO projects (id, title, category, funding_goal, start_date, end_date) VALUES (8, "Research DNA", "Science", 500000, "2/21/2020", "2/21/2020"); 
INSERT INTO projects (id, title, category, funding_goal, start_date, end_date) VALUES (9, "Send Paws on world-changing trip", "Travel", 12000, "2/21/2020", "2/21/2020"); 
INSERT INTO projects (id, title, category, funding_goal, start_date, end_date) VALUES (10, "Build a School in Costa Rica", "Education", 150000, "2/21/2020", "2/21/2020");

INSERT INTO users (id, name, age) VALUES (1, "Mary", 23);
INSERT INTO users (id, name, age) VALUES (2, "Christine", 45);
INSERT INTO users (id, name, age) VALUES (3, "John", 33);
INSERT INTO users (id, name, age) VALUES (4, "Jatin", 35);
INSERT INTO users (id, name, age) VALUES (5, "Kumar", 36);
INSERT INTO users (id, name, age) VALUES (6, "Chloe", 25);
INSERT INTO users (id, name, age) VALUES (7, "Paws", 8);
INSERT INTO users (id, name, age) VALUES (8, "Sunshine", 19);
INSERT INTO users (id, name, age) VALUES (9, "Elizabeth", 19);
INSERT INTO users (id, name, age) VALUES (10, "Jordan", 22);
INSERT INTO users (id, name, age) VALUES (11, "Kevin", 55);
INSERT INTO users (id, name, age) VALUES (12, "Karen", 57);
INSERT INTO users (id, name, age) VALUES (13, "Justin", 30);
INSERT INTO users (id, name, age) VALUES (14, "Phil", 26);
INSERT INTO users (id, name, age) VALUES (15, "Dipanshu", 30);
INSERT INTO users (id, name, age) VALUES (16, "Rachita", 32);
INSERT INTO users (id, name, age) VALUES (17, "Shalin", 30);
INSERT INTO users (id, name, age) VALUES (18, "Neha", 30);
INSERT INTO users (id, name, age) VALUES (19, "Sheela", 60);
INSERT INTO users (id, name, age) VALUES (20, "Grant", 56);

INSERT INTO pledges (id, amount, user_id, project_id) VALUES (1, 30, 20, 10); 
INSERT INTO pledges (id, amount, user_id, project_id) VALUES (2, 45, 13, 10); 
INSERT INTO pledges (id, amount, user_id, project_id) VALUES (3, 50, 13, 10); 
INSERT INTO pledges (id, amount, user_id, project_id) VALUES (4, 15, 20, 9); 
INSERT INTO pledges (id, amount, user_id, project_id) VALUES (5, 30, 11, 8); 
INSERT INTO pledges (id, amount, user_id, project_id) VALUES (6, 17, 1, 1); 
INSERT INTO pledges (id, amount, user_id, project_id) VALUES (7, 300, 2, 3); 
INSERT INTO pledges (id, amount, user_id, project_id) VALUES (8, 25, 2, 1); 
INSERT INTO pledges (id, amount, user_id, project_id) VALUES (9, 25, 2, 1); 
INSERT INTO pledges (id, amount, user_id, project_id) VALUES (10, ); 
INSERT INTO pledges (id, amount, user_id, project_id) VALUES (11); 
INSERT INTO pledges (id, amount, user_id, project_id) VALUES (12); 
INSERT INTO pledges (id, amount, user_id, project_id) VALUES (13); 
INSERT INTO pledges (id, amount, user_id, project_id) VALUES (14); 
INSERT INTO pledges (id, amount, user_id, project_id) VALUES (15); 
INSERT INTO pledges (id, amount, user_id, project_id) VALUES (16); 
INSERT INTO pledges (id, amount, user_id, project_id) VALUES (17); 
INSERT INTO pledges (id, amount, user_id, project_id) VALUES (18); 
INSERT INTO pledges (id, amount, user_id, project_id) VALUES (19); 
INSERT INTO pledges (id, amount, user_id, project_id) VALUES (20); 
INSERT INTO pledges (id, amount, user_id, project_id) VALUES (21); 
INSERT INTO pledges (id, amount, user_id, project_id) VALUES (22); 
INSERT INTO pledges (id, amount, user_id, project_id) VALUES (23); 
INSERT INTO pledges (id, amount, user_id, project_id) VALUES (24); 
INSERT INTO pledges (id, amount, user_id, project_id) VALUES (25); 
INSERT INTO pledges (id, amount, user_id, project_id) VALUES (26); 
INSERT INTO pledges (id, amount, user_id, project_id) VALUES (27); 
INSERT INTO pledges (id, amount, user_id, project_id) VALUES (28); 
INSERT INTO pledges (id, amount, user_id, project_id) VALUES (29); 
INSERT INTO pledges (id, amount, user_id, project_id) VALUES (30); 


