INSERT INTO users (id, name, age) VALUES (1, 'Bradley', 62), (2, 'Julie', 60), (3, 'Mark', 55), (4, 'Barb', 53),
(5, 'Fenton', 50), (6, 'Susie', 51), (7, 'Sam', 28), (8, 'Sheila', 26), (9, 'David', 29), (10, 'Francisco', 30),
(11, 'Seth', 28), (12, 'Jade', 28), (13, 'Joey', 35), (14, 'Asia', 28), (15, 'Regine', 31), (16, 'Leslie', 31),
(17, 'Dorie', 25), (18, 'Dominic', 35), (19, 'Levaniel', 25), (20, 'Emanuel', 31);

INSERT INTO projects (id, title, category, funding_goal, start_date, end_date) VALUES
(1, 'Help the homeless', 'charity', 9000, '2018-06-30', '2020-07-30'),
(2, 'Free Ride to Vote', 'politics', 140, '2020-01-01', '2019-11-01'),
(3, 'Make X-Men Great Again', 'movies', 1000, '2018-05-30', '2021-05-30'),
(4, 'Pitbulls Are Not Agressive Breeds', 'cause', 4400, '2018-03-14', '2020-06-30'),
(5, 'Made Deadpool Part of Disnes Plus', 'movies', 78000, '2018-03-20', '2020-09-20'),
(6, 'Remove Lil Wayne From Hip Hop', 'music', 4200, '2019-12-30', '2021-12-30'),
(7, 'Activists Against Gluten', 'cause', 12000, '2018-10-02', '2020-10-30'),
(8, 'Stop The War On Meat', 'cause', 1000, '2019-06-30', '2019-06-31'),
(9, 'Ban Social Media Once A Week', 'cause', 3010, '2018-06-30', '2020-09-30'),
(10, 'Free Meals For Low Income Students', 'charity', 15000, '2012-03-20', '2020-06-30');

INSERT INTO pledges (id, amount, user_id, project_id) VALUES
(1, 10.00, 1, 2),
(2, 20.00, 1, 3),
(3, 40.00, 1, 4),
(4, 50.00, 2, 3),
(5, 10.00, 3, 2),
(6, 20.00, 4, 4),
(7, 40.00, 5, 10),
(8, 60.00, 6, 10),
(9, 50.00, 7, 9),
(10, 700.00, 8, 8),
(11, 1000.00, 8, 7),
(12, 40.00, 9, 6),
(13, 50.00, 9, 3),
(14, 50.00, 10, 4),
(15, 24.00, 12, 1),
(16, 34.00, 11, 1),
(17, 12.00, 13, 6),
(18, 19.00, 14, 5),
(19, 20.00, 15, 5),
(20, 40.00, 16, 6),
(21, 35.50, 17, 7),
(22, 40.00, 18, 8),
(23, 60.00, 19, 9),
(24, 70.00, 20, 10),
(25, 100.00, 20, 4),
(26, 40.00, 19, 1),
(27, 20.00, 18, 6),
(28, 90.00, 17, 9),
(29, 230.00, 16, 6),
(30, 450.00, 15, 5);
