INSERT INTO users (id, name, age) VALUES (1, "Maru", 1);
INSERT INTO users (id, name, age) VALUES (2, "Semi", 3);
INSERT INTO users (id, name, age) VALUES (3, "Brut", 2);
INSERT INTO users (id, name, age) VALUES (4, "Dona", 5);
INSERT INTO users (id, name, age) VALUES (5, "Moki", 6);
INSERT INTO users (id, name, age) VALUES (6, "Leni", 4);
INSERT INTO users (id, name, age) VALUES (7, "Bleki", 3);
INSERT INTO users (id, name, age) VALUES (8, "Rex", 7);
INSERT INTO users (id, name, age) VALUES (9, "Mis", 9);
INSERT INTO users (id, name, age) VALUES (10, "Peso", 3);
INSERT INTO users (id, name, age) VALUES (11, "Manki", 1);
INSERT INTO users (id, name, age) VALUES (12, "Cupka", 1);
INSERT INTO users (id, name, age) VALUES (13, "Bella", 4);
INSERT INTO users (id, name, age) VALUES (14, "Isius", 9);
INSERT INTO users (id, name, age) VALUES (15, "Riko", 7);
INSERT INTO users (id, name, age) VALUES (16, "Oki",5);
INSERT INTO users (id, name, age) VALUES (17, "Max", 7);
INSERT INTO users (id, name, age) VALUES (18, "Papa", 11);
INSERT INTO users (id, name, age) VALUES (19, "Lola", 8);
INSERT INTO users (id, name, age) VALUES (20, "Cigo", 3);

INSERT INTO projects (id, title, category, funding_goal, start_date, end_date) VALUES (1, "Zg", "gradj", 1000, 1996, 2000);
INSERT INTO projects (id, title, category, funding_goal, start_date, end_date) VALUES (2, "St", "rac", 10, 1999, 2010);
INSERT INTO projects (id, title, category, funding_goal, start_date, end_date) VALUES (3, "Ri", "avio", 900, 1992, 2020);
INSERT INTO projects (id, title, category, funding_goal, start_date, end_date) VALUES (4, "Os", "ski", 80, 1969, 2012);
INSERT INTO projects (id, title, category, funding_goal, start_date, end_date) VALUES (5, "Du", "nog", 500, 1979, 2032);
INSERT INTO projects (id, title, category, funding_goal, start_date, end_date) VALUES (6, "Ses", "kul", 30, 1939, 2043);
INSERT INTO projects (id, title, category, funding_goal, start_date, end_date) VALUES (7, "Vin", "turiz", 100, 1995, 2022);
INSERT INTO projects (id, title, category, funding_goal, start_date, end_date) VALUES (8, "Ka", "more", 160, 1987, 2054);
INSERT INTO projects (id, title, category, funding_goal, start_date, end_date) VALUES (9, "Zd", "pol", 101, 1988, 2001);
INSERT INTO projects (id, title, category, funding_goal, start_date, end_date) VALUES (10, "Va", "suma", 140, 1967, 2020);


INSERT INTO pledges (id, amount, user_id, project_id) VALUES (1, 122, 3, 1);
INSERT INTO pledges (id, amount, user_id, project_id) VALUES (2, 112, 1, 3);
INSERT INTO pledges (id, amount, user_id, project_id) VALUES (3, 222, 2, 2);
INSERT INTO pledges (id, amount, user_id, project_id) VALUES (4, 33, 5, 4);
INSERT INTO pledges (id, amount, user_id, project_id) VALUES (5, 444, 6, 5);
INSERT INTO pledges (id, amount, user_id, project_id) VALUES (6, 333, 11, 6);
INSERT INTO pledges (id, amount, user_id, project_id) VALUES (7, 555, 19, 7);
INSERT INTO pledges (id, amount, user_id, project_id) VALUES (8, 666, 20, 8);
INSERT INTO pledges (id, amount, user_id, project_id) VALUES (9, 777, 12, 9);
INSERT INTO pledges (id, amount, user_id, project_id) VALUES (10, 153, 13, 10);
INSERT INTO pledges (id, amount, user_id, project_id) VALUES (11, 343, 14, 3);
INSERT INTO pledges (id, amount, user_id, project_id) VALUES (12, 443, 15, 1);
INSERT INTO pledges (id, amount, user_id, project_id) VALUES (13, 552, 16, 2);
INSERT INTO pledges (id, amount, user_id, project_id) VALUES (14, 664, 17, 3);
INSERT INTO pledges (id, amount, user_id, project_id) VALUES (15, 643, 18, 4);
INSERT INTO pledges (id, amount, user_id, project_id) VALUES (16, 765, 4, 5);
INSERT INTO pledges (id, amount, user_id, project_id) VALUES (17, 658, 7, 6);
INSERT INTO pledges (id, amount, user_id, project_id) VALUES (18, 866, 8, 7);
INSERT INTO pledges (id, amount, user_id, project_id) VALUES (19, 766, 9, 8);
INSERT INTO pledges (id, amount, user_id, project_id) VALUES (20, 544, 1, 9);
INSERT INTO pledges (id, amount, user_id, project_id) VALUES (21, 545, 3, 10);
INSERT INTO pledges (id, amount, user_id, project_id) VALUES (22, 332, 2, 3);
INSERT INTO pledges (id, amount, user_id, project_id) VALUES (23, 133, 3, 4);
INSERT INTO pledges (id, amount, user_id, project_id) VALUES (24, 233, 12, 1);
INSERT INTO pledges (id, amount, user_id, project_id) VALUES (25, 266, 13, 2);
INSERT INTO pledges (id, amount, user_id, project_id) VALUES (26, 337, 11, 8);
INSERT INTO pledges (id, amount, user_id, project_id) VALUES (27, 445, 16, 9);
INSERT INTO pledges (id, amount, user_id, project_id) VALUES (28, 667, 13, 6);
INSERT INTO pledges (id, amount, user_id, project_id) VALUES (29, 177, 19, 7);
INSERT INTO pledges (id, amount, user_id, project_id) VALUES (30, 199, 20, 5);

