INSERT INTO users(id, name, age)
VALUES (1, 'Ash', 17), (2, 'Bill', 6), (3, 'Carl', 4), (4, 'Dan', 33),
(5, 'Emelia', 24), (6, 'Frank', 24), (7, 'Gordon', 9), (8, 'Hank', 23), (9, 'Ian', 100), (10, 'Jon', 30),
(11, 'Kate', 90), (12, 'Liam', 24), (13, 'Monty', 4), (14, 'Nina', 36), (15, 'Olly', 113), (16, 'Paul', 5),
(17, 'Quan', 6), (18, 'Roger', 5), (19, 'Sam', 24), (20, 'Tina', 24);

INSERT INTO projects(id, title, category, funding_goal, start_date, end_date)
VALUES (1, 'Half Life 3', 'games', 500.00, '2013-06-30', '2013-07-30'),
(2, 'Windss of Winter', 'books', 20.00, '2013-01-01', '2014-01-01'),
(3, 'Audi', 'cars', 1000.00, '2013-05-30', '2015-05-30'),
(4, 'Greek Salad', 'food', 400.00, '2013-03-14', '2013-06-30'),
(5, 'Pizza', 'food', 6000.00, '2013-03-20', '2013-09-20'),
(6, 'Techno Viking', 'music', 200.00, '2014-12-30', '2015-12-30'),
(7, 'New Carpet', 'renovate', 2000.00, '2013-10-02', '2013-10-30'),
(8, 'New weightlifting belt', 'gym', 800.00, '2014-06-30', '2014-06-31'),
(9, 'New chair', 'renovate', 3000.00, '2013-06-30', '2013-09-30'),
(10, 'Cyberpunk 2077', 'games', 5000.00, '2012-03-20', '2013-06-30');

INSERT INTO pledges (id, amount, user_id, project_id)
VALUES
(1, 10.00, 1, 2),
(2, 20.00, 1, 3),
(3, 40.00, 1, 4),
(4, 50.00, 2, 3),
(5, 10.00, 3, 2),
(6, 20.00, 4, 4),
(7, 40.00, 5, 10),
(8, 60.00, 6, 10),
(9, 50.00, 7, 9),
(10, 700.00, 8, 8),
(11, 1000.00, 8, 7),
(12, 40.00, 9, 6),
(13, 50.00, 9, 3),
(14, 50.00, 10, 4),
(15, 24.00, 12, 1),
(16, 34.00, 11, 1),
(17, 12.00, 13, 6),
(18, 19.00, 14, 5),
(19, 20.00, 15, 5),
(20, 40.00, 16, 6),
(21, 35.50, 17, 7),
(22, 40.00, 18, 8),
(23, 60.00, 19, 9),
(24, 70.00, 20, 10),
(25, 100.00, 20, 4),
(26, 40.00, 19, 1),
(27, 20.00, 18, 6),
(28, 90.00, 17, 9),
(29, 230.00, 16, 6),
(30, 450.00, 15, 5);
